{
    "name": "Maths #1",
    "description": "...",
    "dateTime": "2023-02-20 18:00:00",
    "durationInMinutes": 30,
    "questions": [
        {
            "title": "...",
            "option1": "...",
            "option2": "...",
            "option3": "...",
            "option4": "...",
            "correctOption": 1
        },
        {
            "title": "...",
            "option1": "...",
            "option2": "...",
            "option3": "...",
            "option4": "...",
            "correctOption": 1
        },
        {
            "title": "...",
            "option1": "...",
            "option2": "...",
            "option3": "...",
            "option4": "...",
            "correctOption": 1
        }
    ]
}